1,firstname1,lastname1,email1,user1,pass1,user
2,firstname2,lastname2,email2,user2,pass2,user
3,firstname3,lastname3,email3,user3,pass3,user
4,firstname4,lastname4,email4,user4,pass4,user
5,firstname5,lastname5,email5,user5,pass5,user
6,firstname6,lastname6,email6,user6,pass6,user
7,firstname7,lastname7,email7,user7,pass7,user
8,firstname8,lastname8,email8,user8,pass8,user
9,firstname9,lastname9,email9,user9,pass9,user
10,firstname10,lastname10,email10,user10,pass10,user
11,firstname11,lastname11,email11,user11,pass11,user
12,firstname12,lastname12,email12,user12,pass12,user
13,firstname13,lastname13,email13,user13,pass13,user
14,firstname14,lastname14,email14,user14,pass14,user
15,firstname15,lastname15,email15,user15,pass15,user
101,adminFirstName1,adminLastName1,adminEmail1,admin1,pass1,admin
102,adminFirstName2,adminLastName2,adminEmail2,admin2,pass2,admin
103,adminFirstName3,adminLastName3,adminEmail3,admin3,pass3,admin
104,adminFirstName4,adminLastName4,adminEmail4,admin4,pass4,admin
105,adminFirstName5,adminLastName5,adminEmail5,admin5,pass5,admin
